6851	1	2020-01-13T06:15Z	CVE-2020-6851	-	https://github.com/uclouvain/openjpeg/issues/1228
6840	1	2020-01-11T03:15Z	CVE-2020-6840	-	https://github.com/mruby/mruby/issues/4927
6839	1	2020-01-11T03:15Z	CVE-2020-6839	-	https://github.com/mruby/mruby/issues/4929
6838	1	2020-01-11T03:15Z	CVE-2020-6838	-	https://github.com/mruby/mruby/issues/4926
6168	1	2020-01-09T20:15Z	CVE-2020-6168	-	https://www.wordfence.com/blog/2020/01/multiple-vulnerabilities-patched-in-minimal-coming-soon-maintenance-mode-coming-soon-page-plugin/
6166	1	2020-01-09T20:15Z	CVE-2020-6166	-	https://www.wordfence.com/blog/2020/01/multiple-vulnerabilities-patched-in-minimal-coming-soon-maintenance-mode-coming-soon-page-plugin/
6167	1	2020-01-09T19:15Z	CVE-2020-6167	-	https://www.wordfence.com/blog/2020/01/multiple-vulnerabilities-patched-in-minimal-coming-soon-maintenance-mode-coming-soon-page-plugin/
5308	1	2020-01-09T13:15Z	CVE-2020-5308	-	http://packetstormsecurity.com/files/155861/Dairy-Farm-Shop-Management-System-1.0-Cross-Site-Scripting.html
5308	2	2020-01-09T13:15Z	CVE-2020-5308	-	https://cinzinga.github.io/CVE-2020-5307-5308/
6631	1	2020-01-09T02:15Z	CVE-2020-6631	-	https://github.com/gpac/gpac/issues/1378
6630	1	2020-01-09T02:15Z	CVE-2020-6630	-	https://github.com/gpac/gpac/issues/1377
6623	1	2020-01-08T23:15Z	CVE-2020-6623	-	https://github.com/nothings/stb/issues/865
6622	1	2020-01-08T23:15Z	CVE-2020-6622	-	https://github.com/nothings/stb/issues/869
6621	1	2020-01-08T23:15Z	CVE-2020-6621	-	https://github.com/nothings/stb/issues/867
6620	1	2020-01-08T23:15Z	CVE-2020-6620	-	https://github.com/nothings/stb/issues/868
6619	1	2020-01-08T23:15Z	CVE-2020-6619	-	https://github.com/nothings/stb/issues/863
6618	1	2020-01-08T23:15Z	CVE-2020-6618	-	https://github.com/nothings/stb/issues/866
6617	1	2020-01-08T23:15Z	CVE-2020-6617	-	https://github.com/nothings/stb/issues/864
6615	1	2020-01-08T21:15Z	CVE-2020-6615	-	https://github.com/LibreDWG/libredwg/issues/179#issuecomment-570447223
6614	1	2020-01-08T21:15Z	CVE-2020-6614	-	https://github.com/LibreDWG/libredwg/issues/179#issuecomment-570447068
6613	1	2020-01-08T21:15Z	CVE-2020-6613	-	https://github.com/LibreDWG/libredwg/issues/179#issuecomment-570447025
6612	1	2020-01-08T21:15Z	CVE-2020-6612	-	https://github.com/LibreDWG/libredwg/issues/179#issuecomment-570447169
6611	1	2020-01-08T21:15Z	CVE-2020-6611	-	https://github.com/LibreDWG/libredwg/issues/179#issuecomment-570447190
6610	1	2020-01-08T21:15Z	CVE-2020-6610	-	https://github.com/LibreDWG/libredwg/issues/179#issuecomment-570447120
6609	1	2020-01-08T21:15Z	CVE-2020-6609	-	https://github.com/LibreDWG/libredwg/issues/179#issue-544834443
5510	1	2020-01-08T18:15Z	CVE-2020-5510	-	https://www.exploit-db.com/exploits/47854
5183	1	2020-01-08T18:15Z	CVE-2020-5183	-	http://packetstormsecurity.com/files/155832/FTPGetter-Professional-5.97.0.223-Denial-Of-Service.html
5183	2	2020-01-08T18:15Z	CVE-2020-5183	-	https://www.exploit-db.com/exploits/47871
5842	1	2020-01-07T20:15Z	CVE-2020-5842	-	https://medium.com/@prasanthc41m/cve-2020-5842-stored-xss-vulnerability-in-codoforum-4-8-3-b2e1133c6a91
5842	2	2020-01-07T20:15Z	CVE-2020-5842	-	https://www.exploit-db.com/exploits/47876
5307	1	2020-01-07T19:15Z	CVE-2020-5307	-	https://www.exploit-db.com/exploits/47846
5393	1	2020-01-07T16:15Z	CVE-2020-5393	-	https://sumukh30.blogspot.com/2020/01/cross-site-scripting-vulnerability-in.html
5843	1	2020-01-07T13:15Z	CVE-2020-5843	-	https://vyshnavvizz.blogspot.com/2020/01/persistent-cross-site-scripting-admin.html
5513	1	2020-01-06T20:15Z	CVE-2020-5513	-	https://infosecdb.wordpress.com/2020/01/05/gilacms-1-11-8-cm-deletet-lfi-local-file-inclusion-and-rce/
5512	1	2020-01-06T20:15Z	CVE-2020-5512	-	https://infosecdb.wordpress.com/2020/01/05/gilacms-1-11-8-admin-mediapath-directory-traversal/
5515	1	2020-01-06T19:15Z	CVE-2020-5515	-	https://infosecdb.wordpress.com/2020/01/05/gilacms-1-11-8-admin-sqlquery-sql-injection/
5514	1	2020-01-06T19:15Z	CVE-2020-5514	-	https://infosecdb.wordpress.com/2020/01/05/gilacms-1-11-8-remote-code-execution/
5192	1	2020-01-06T01:15Z	CVE-2020-5192	-	https://www.exploit-db.com/exploits/47840
5191	1	2020-01-06T01:15Z	CVE-2020-5191	-	https://www.exploit-db.com/exploits/47841
5306	1	2020-01-05T23:15Z	CVE-2020-5306	-	https://vyshnavvizz.blogspot.com/2020/01/stored-cross-site-scripting-in.html
5305	1	2020-01-05T23:15Z	CVE-2020-5305	-	https://vyshnavvizz.blogspot.com/2020/01/stored-cross-site-scripting-in_2.html
5497	1	2020-01-04T03:15Z	CVE-2020-5497	-	https://github.com/mitreid-connect/OpenID-Connect-Java-Spring-Server/issues/1521
5496	1	2020-01-03T22:15Z	CVE-2020-5496	-	https://github.com/fontforge/fontforge/issues/4085
5395	1	2020-01-03T20:15Z	CVE-2020-5395	-	https://github.com/fontforge/fontforge/issues/4084
5179	1	2020-01-02T14:16Z	CVE-2020-5179	-	https://overload.cl/blog/comtech-authenticated-rce-on-comtech-fx-series/
5179	2	2020-01-02T14:16Z	CVE-2020-5179	-	https://sku11army.blogspot.com/2020/01/comtech-authenticated-rce-on-comtech-fx.html
